Open,High,Low,Close,Volume,TradingDate
18457.0,18624.0,18157.0,18557.0,3721100,2021-01-04
18624.0,18824.0,18424.0,18524.0,2719500,2021-01-05
18657.0,19158.0,18424.0,18691.0,3750900,2021-01-06
18691.0,19158.0,18557.0,18924.0,3874900,2021-01-07
19024.0,19191.0,18757.0,19024.0,4106300,2021-01-08
19024.0,19191.0,18691.0,18824.0,3098700,2021-01-11
18924.0,18924.0,18223.0,18691.0,2537300,2021-01-12
18757.0,18824.0,18390.0,18424.0,4604600,2021-01-13
18424.0,18557.0,18190.0,18457.0,2198600,2021-01-14
18691.0,19625.0,18624.0,19158.0,8547500,2021-01-15
19692.0,19692.0,19158.0,19225.0,4421500,2021-01-18
19358.0,19525.0,17890.0,18657.0,4912800,2021-01-19
18691.0,18891.0,17355.0,18624.0,3656500,2021-01-20
18691.0,19291.0,18424.0,19024.0,3197000,2021-01-21
18891.0,19024.0,18457.0,18490.0,2745500,2021-01-22
18490.0,18524.0,18157.0,18223.0,1988200,2021-01-25
18157.0,18223.0,17355.0,17823.0,2712200,2021-01-26
17355.0,17756.0,16621.0,16755.0,2839900,2021-01-27
15587.0,16221.0,15587.0,15587.0,4594000,2021-01-28
14685.0,16655.0,14685.0,16655.0,3775400,2021-01-29
16955.0,17322.0,15987.0,16254.0,1379600,2021-02-01
16254.0,17022.0,16020.0,16888.0,1646100,2021-02-02
17222.0,18056.0,17088.0,17890.0,1899400,2021-02-03
17956.0,17956.0,17022.0,17689.0,1119000,2021-02-04
17489.0,18123.0,17489.0,17823.0,1117600,2021-02-05
17823.0,17956.0,16688.0,17489.0,2133900,2021-02-08
17622.0,18023.0,17289.0,17923.0,1529600,2021-02-09
18023.0,18490.0,17956.0,18490.0,1709300,2021-02-17
18557.0,18590.0,18290.0,18590.0,1481100,2021-02-18
18490.0,18624.0,18357.0,18490.0,1768000,2021-02-19
18657.0,19091.0,18524.0,18624.0,3988300,2021-02-22
18724.0,18757.0,18424.0,18657.0,2963500,2021-02-23
18691.0,18757.0,17890.0,18290.0,1909800,2021-02-24
18290.0,18357.0,18023.0,18257.0,1739500,2021-02-25
18023.0,18490.0,17956.0,18390.0,1406800,2021-02-26
18691.0,18824.0,18557.0,18691.0,3672800,2021-03-01
19024.0,19992.0,18791.0,19859.0,17188900,2021-03-02
19959.0,20693.0,19825.0,19859.0,5889600,2021-03-03
19892.0,19959.0,19024.0,19124.0,4032100,2021-03-04
18824.0,19358.0,18490.0,19024.0,6168400,2021-03-05
19258.0,19492.0,18958.0,19024.0,4699200,2021-03-08
18824.0,19225.0,18557.0,18958.0,3367100,2021-03-09
18991.0,19124.0,18691.0,18991.0,2567700,2021-03-10
19191.0,19258.0,19024.0,19091.0,5008800,2021-03-11
19124.0,19458.0,19058.0,19091.0,5823500,2021-03-12
19158.0,19358.0,19124.0,19158.0,4597200,2021-03-15
19225.0,19291.0,18824.0,19024.0,3011500,2021-03-16
18958.0,19225.0,18857.0,19158.0,3656000,2021-03-17
19358.0,19492.0,19158.0,19358.0,5781900,2021-03-18
19358.0,19525.0,19124.0,19291.0,6947000,2021-03-19
19325.0,19492.0,19158.0,19225.0,3471700,2021-03-22
19158.0,19291.0,18691.0,18891.0,4377900,2021-03-23
18557.0,18824.0,17956.0,17990.0,6669100,2021-03-24
18157.0,18323.0,17856.0,17956.0,5221400,2021-03-25
17856.0,17956.0,17155.0,17823.0,5041800,2021-03-26
18023.0,18290.0,17923.0,18290.0,2164500,2021-03-29
18357.0,18557.0,18290.0,18557.0,2611900,2021-03-30
18557.0,18724.0,18457.0,18590.0,2172200,2021-03-31
18590.0,18791.0,18524.0,18691.0,4129700,2021-04-01
19024.0,19225.0,18824.0,18891.0,3197300,2021-04-02
19091.0,19158.0,18857.0,18958.0,3468800,2021-04-05
18924.0,18958.0,18691.0,18791.0,5698500,2021-04-06
18791.0,19492.0,18757.0,19225.0,8769900,2021-04-07
19358.0,19458.0,19158.0,19291.0,4230200,2021-04-08
19358.0,19358.0,19091.0,19225.0,2837100,2021-04-09
19425.0,19458.0,19225.0,19458.0,7405300,2021-04-12
19592.0,20493.0,19558.0,19759.0,13381000,2021-04-13
19658.0,19859.0,19358.0,19792.0,4211400,2021-04-14
19825.0,19825.0,19225.0,19225.0,5927900,2021-04-15
18958.0,19024.0,18323.0,18490.0,9357800,2021-04-16
18691.0,18891.0,18290.0,18891.0,4273500,2021-04-19
18991.0,19058.0,18457.0,18557.0,4568500,2021-04-20
18557.0,18991.0,18023.0,18023.0,4524000,2021-04-22
18357.0,18691.0,17890.0,18691.0,3974200,2021-04-23
18691.0,18691.0,18090.0,18123.0,2466600,2021-04-26
18123.0,18323.0,17956.0,18090.0,1963700,2021-04-27
18023.0,18323.0,17956.0,18190.0,2403800,2021-04-28
18323.0,18557.0,18157.0,18290.0,6020100,2021-04-29
17990.0,18691.0,17956.0,18691.0,4210300,2021-05-04
18791.0,19225.0,18724.0,19124.0,5462800,2021-05-05
18991.0,19291.0,18757.0,18791.0,3732900,2021-05-06
18691.0,19725.0,18624.0,19425.0,11689700,2021-05-07
19425.0,20760.0,19358.0,20760.0,14127900,2021-05-10
21094.0,21494.0,20693.0,20693.0,9406500,2021-05-11
20560.0,21327.0,20426.0,21327.0,7670600,2021-05-12
21361.0,21694.0,21027.0,21027.0,8058500,2021-05-13
21227.0,21494.0,21027.0,21327.0,7273700,2021-05-14
21427.0,21961.0,21427.0,21761.0,6851800,2021-05-17
21761.0,21761.0,21094.0,21427.0,6628100,2021-05-18
21427.0,21961.0,21427.0,21961.0,6049900,2021-05-19
22028.0,22395.0,21928.0,22028.0,6273700,2021-05-20
22028.0,22362.0,21794.0,22028.0,6207600,2021-05-21
22028.0,22362.0,21761.0,22262.0,7400000,2021-05-24
22429.0,23597.0,22395.0,23430.0,6027300,2021-05-25
23463.0,24031.0,23430.0,23997.0,7918500,2021-05-26
23897.0,24031.0,23029.0,23430.0,7594100,2021-05-27
23430.0,24097.0,23263.0,24097.0,6656000,2021-05-28
24097.0,25032.0,24097.0,24999.0,3844900,2021-05-31
25766.0,25766.0,24999.0,25232.0,6046600,2021-06-01
24698.0,25132.0,24431.0,24832.0,5058600,2021-06-02
24999.0,25566.0,24832.0,25533.0,5342100,2021-06-03
25366.0,27302.0,25032.0,26033.0,4796400,2021-06-04
25366.0,25900.0,24364.0,24832.0,5115100,2021-06-07
24698.0,25032.0,23096.0,23363.0,5103800,2021-06-08
23363.0,24298.0,22696.0,23964.0,5857500,2021-06-09
24364.0,24631.0,23530.0,23530.0,3283700,2021-06-10
23697.0,24698.0,23530.0,24431.0,5631100,2021-06-11
24698.0,24698.0,23897.0,24231.0,3289600,2021-06-14
24231.0,24364.0,23697.0,24031.0,3629500,2021-06-15
23697.0,24431.0,23363.0,23764.0,5993800,2021-06-16
23363.0,24031.0,23163.0,23630.0,3953600,2021-06-17
23897.0,23997.0,23664.0,23697.0,2732200,2021-06-18
23931.0,24097.0,23497.0,23530.0,3684200,2021-06-21
23530.0,24031.0,23497.0,23664.0,3665200,2021-06-22
23964.0,24064.0,23730.0,23864.0,2609800,2021-06-23
24031.0,24097.0,23664.0,23797.0,2873600,2021-06-24
23797.0,23964.0,23530.0,23964.0,2778100,2021-06-25
24231.0,25132.0,23897.0,25132.0,11082500,2021-06-28
25366.0,25366.0,24631.0,24898.0,4886800,2021-06-29
24832.0,24965.0,24498.0,24531.0,2831800,2021-06-30
24565.0,24832.0,24131.0,24832.0,5441400,2021-07-01
25099.0,25299.0,24832.0,25199.0,5091100,2021-07-02
25399.0,26233.0,25266.0,26233.0,8382000,2021-07-05
26233.0,26367.0,24398.0,24398.0,8022400,2021-07-06
24631.0,25232.0,23764.0,25032.0,5701400,2021-07-07
24999.0,25966.0,24832.0,25199.0,5774600,2021-07-08
24965.0,25633.0,24031.0,24698.0,4759000,2021-07-09
24698.0,24698.0,22996.0,23397.0,7554300,2021-07-12
23697.0,23797.0,22696.0,23230.0,3263000,2021-07-13
23163.0,23363.0,21961.0,22028.0,5212700,2021-07-14
22028.0,22996.0,21761.0,22495.0,3272200,2021-07-15
22896.0,22963.0,22562.0,22629.0,1930300,2021-07-16
22162.0,22162.0,21060.0,21060.0,5202600,2021-07-19
21227.0,22028.0,20960.0,22028.0,7650000,2021-07-20
22162.0,22362.0,21961.0,22095.0,5750900,2021-07-21
22095.0,22596.0,21828.0,22596.0,6179900,2021-07-22
22228.0,22529.0,22028.0,22028.0,6293200,2021-07-23
21694.0,22329.0,21661.0,21961.0,7083400,2021-07-26
22295.0,22896.0,22162.0,22762.0,9483900,2021-07-27
22629.0,23163.0,22562.0,22829.0,5651400,2021-07-28
22929.0,23363.0,22929.0,23163.0,7422900,2021-07-29
23363.0,23563.0,23163.0,23363.0,5460700,2021-07-30
23163.0,23430.0,22996.0,22996.0,6590300,2021-08-02
23029.0,23263.0,22762.0,23063.0,3921100,2021-08-03
23163.0,23830.0,23130.0,23430.0,9425000,2021-08-04
23697.0,23964.0,23430.0,23964.0,4879300,2021-08-05
24097.0,24231.0,23664.0,23697.0,3867300,2021-08-06
23563.0,23964.0,23330.0,23964.0,3632200,2021-08-09
24164.0,24164.0,23630.0,24031.0,3413600,2021-08-10
24164.0,25032.0,23897.0,24698.0,13559700,2021-08-11
24631.0,24765.0,24298.0,24298.0,3106500,2021-08-12
23764.0,24364.0,23764.0,24298.0,3475900,2021-08-13
24298.0,24865.0,24031.0,24765.0,6804300,2021-08-16
25266.0,25266.0,24698.0,24932.0,4819100,2021-08-17
24898.0,25099.0,24698.0,24865.0,2954100,2021-08-18
24732.0,24765.0,24331.0,24498.0,3203000,2021-08-19
24498.0,24498.0,22829.0,23363.0,6442500,2021-08-20
23096.0,23497.0,22562.0,22562.0,4981600,2021-08-23
22529.0,22829.0,22429.0,22729.0,3121900,2021-08-24
22729.0,23296.0,22429.0,23296.0,3063600,2021-08-25
23363.0,23463.0,22762.0,22762.0,3452600,2021-08-26
22462.0,23196.0,22329.0,22696.0,2387500,2021-08-27
22896.0,23263.0,22662.0,23130.0,2214900,2021-08-30
23163.0,23363.0,22696.0,22762.0,1914500,2021-08-31
22696.0,23029.0,22629.0,22829.0,2358900,2021-09-01
23263.0,23497.0,22929.0,23230.0,4847800,2021-09-06
23296.0,24364.0,23230.0,24298.0,11320500,2021-09-07
24364.0,24665.0,24031.0,24097.0,6472700,2021-09-08
24097.0,25299.0,23931.0,25232.0,12528300,2021-09-09
25366.0,25699.0,24965.0,24965.0,7832100,2021-09-10
25032.0,25833.0,24898.0,25432.0,6969300,2021-09-13
25099.0,25633.0,25065.0,25099.0,6127000,2021-09-14
25032.0,25699.0,24698.0,25533.0,6953500,2021-09-15
25699.0,26233.0,25499.0,25800.0,5226100,2021-09-16
25900.0,27235.0,25766.0,27235.0,11835000,2021-09-17
27368.0,27902.0,26367.0,26768.0,8941100,2021-09-20
26434.0,26968.0,26367.0,26701.0,6615400,2021-09-21
26901.0,26901.0,26233.0,26768.0,4172000,2021-09-22
27001.0,28036.0,26434.0,27735.0,17971500,2021-09-23
27836.0,28103.0,27569.0,27769.0,9113500,2021-09-24
27836.0,27836.0,26701.0,26701.0,6183100,2021-09-27
26367.0,27168.0,26100.0,27168.0,5440500,2021-09-28
26901.0,27702.0,26901.0,27635.0,8107000,2021-09-29
27435.0,27936.0,27435.0,27769.0,6327900,2021-09-30
27936.0,28503.0,27669.0,28436.0,14912000,2021-10-01
28570.0,28637.0,27702.0,28036.0,13232300,2021-10-04
28236.0,28436.0,27769.0,28370.0,9289100,2021-10-05
28370.0,28803.0,27969.0,28236.0,8403600,2021-10-06
28336.0,28336.0,27902.0,28036.0,4681500,2021-10-07
28503.0,28503.0,27902.0,28136.0,3133300,2021-10-08
28103.0,28770.0,28069.0,28770.0,4961600,2021-10-11
28837.0,28904.0,28503.0,28503.0,1868600,2021-10-12
28370.0,28570.0,28236.0,28303.0,2308600,2021-10-13
28169.0,28470.0,28036.0,28236.0,3529900,2021-10-14
28436.0,29171.0,28403.0,29070.0,8141800,2021-10-15
29237.0,29571.0,29137.0,29371.0,5380700,2021-10-18
29304.0,29538.0,28904.0,29304.0,1757300,2021-10-19
29705.0,29705.0,29104.0,29438.0,3448400,2021-10-20
29337.0,29671.0,29171.0,29171.0,3518900,2021-10-21
29204.0,29371.0,28770.0,28837.0,2608400,2021-10-22
28837.0,28970.0,28036.0,28036.0,3636400,2021-10-25
27969.0,28403.0,27836.0,28370.0,2109700,2021-10-26
28670.0,29037.0,28370.0,28904.0,1765600,2021-10-27
29037.0,29705.0,29037.0,29638.0,5366700,2021-10-28
29638.0,30005.0,29337.0,29938.0,4835600,2021-10-29
29938.0,29938.0,28637.0,28970.0,3171500,2021-11-01
29037.0,29504.0,28970.0,29237.0,4763800,2021-11-02
29237.0,29805.0,29171.0,29504.0,4896100,2021-11-03
29504.0,29538.0,29137.0,29204.0,2000700,2021-11-04
29438.0,29471.0,28837.0,29037.0,2881900,2021-11-05
29271.0,29404.0,29171.0,29237.0,4557700,2021-11-08
29371.0,29371.0,28837.0,28970.0,2345100,2021-11-09
28837.0,29371.0,28737.0,29371.0,1869200,2021-11-10
29371.0,29438.0,28570.0,28703.0,2416900,2021-11-11
28770.0,29237.0,28503.0,29037.0,1388100,2021-11-12
29504.0,29504.0,29037.0,29337.0,2505800,2021-11-15
29371.0,29504.0,29171.0,29171.0,2533500,2021-11-16
29371.0,29371.0,28837.0,28870.0,1572000,2021-11-17
28803.0,28904.0,28670.0,28670.0,2206300,2021-11-18
28637.0,29705.0,28603.0,29037.0,3155700,2021-11-19
29371.0,31040.0,29037.0,31040.0,10239600,2021-11-22
31707.0,32508.0,31040.0,32508.0,7755400,2021-11-23
32508.0,33276.0,31841.0,32775.0,7302100,2021-11-24
33042.0,33042.0,32141.0,32842.0,4304700,2021-11-25
32775.0,32842.0,31707.0,31707.0,3319200,2021-11-26
31040.0,32041.0,31040.0,31507.0,2410200,2021-11-29
31974.0,31974.0,29705.0,30105.0,6316500,2021-11-30
30038.0,32208.0,29905.0,32208.0,5480300,2021-12-01
32074.0,33309.0,32074.0,32308.0,5754000,2021-12-02
32642.0,32708.0,31373.0,31373.0,3624400,2021-12-03
31106.0,31907.0,30038.0,31373.0,4309000,2021-12-06
31640.0,32375.0,31073.0,31907.0,2257700,2021-12-07
32108.0,34110.0,32108.0,34110.0,9186000,2021-12-08
34110.0,34711.0,33643.0,34177.0,2544400,2021-12-09
34177.0,35712.0,33910.0,34711.0,8180500,2021-12-10
34711.0,34978.0,33376.0,33710.0,4682900,2021-12-13
33376.0,34244.0,33042.0,33710.0,2339500,2021-12-14
33776.0,35178.0,33309.0,34711.0,4599700,2021-12-15
35178.0,35178.0,34177.0,34177.0,4016000,2021-12-16
34310.0,34377.0,33643.0,34244.0,4365800,2021-12-17
35147.0,36048.0,34876.0,35868.0,8238900,2021-12-20
35597.0,35688.0,34696.0,34967.0,3634600,2021-12-21
34696.0,35597.0,34155.0,34246.0,5929700,2021-12-22
34246.0,34786.0,32173.0,33074.0,4598100,2021-12-23
32984.0,35372.0,32849.0,35372.0,7855000,2021-12-24
35688.0,37490.0,35327.0,36724.0,9038200,2021-12-27
36499.0,38031.0,36048.0,37895.0,8593600,2021-12-28
37895.0,38256.0,37084.0,37265.0,5365300,2021-12-29
37084.0,37310.0,36544.0,36724.0,3226200,2021-12-30
36949.0,38166.0,36949.0,36994.0,3726100,2021-12-31
37400.0,38977.0,37220.0,38526.0,11034900,2022-01-04
38301.0,38526.0,37760.0,37850.0,3828100,2022-01-05
37220.0,38752.0,37220.0,37850.0,5190400,2022-01-06
37715.0,38211.0,36949.0,36949.0,4150700,2022-01-07
36949.0,37805.0,36454.0,36454.0,4219100,2022-01-10
36408.0,37400.0,36048.0,36228.0,4830300,2022-01-11
36228.0,38752.0,36048.0,38752.0,18620300,2022-01-12
39022.0,39653.0,37941.0,37986.0,17622800,2022-01-13
37580.0,38346.0,37490.0,37760.0,5566400,2022-01-14
37490.0,38031.0,36228.0,36228.0,9068700,2022-01-17
35688.0,36273.0,34922.0,35057.0,9953400,2022-01-18
34786.0,36318.0,34786.0,35417.0,6653400,2022-01-19
35417.0,36363.0,35372.0,35688.0,7434600,2022-01-20
35733.0,36949.0,35733.0,36048.0,8225000,2022-01-21
36048.0,36499.0,33525.0,34020.0,6820100,2022-01-24
33975.0,36048.0,33975.0,35823.0,8957900,2022-01-25
36048.0,36544.0,35327.0,35327.0,10946400,2022-01-26
35507.0,36499.0,35327.0,36228.0,7264800,2022-01-27
36183.0,38121.0,36048.0,37805.0,15526500,2022-01-28
38121.0,38391.0,37220.0,37580.0,5806800,2022-02-07
37715.0,38211.0,37220.0,37850.0,5776900,2022-02-08
37760.0,38166.0,37310.0,37400.0,5316900,2022-02-09
37670.0,37670.0,36769.0,37129.0,3954300,2022-02-10
36949.0,38707.0,36769.0,38616.0,15984500,2022-02-11
37850.0,38616.0,36048.0,36048.0,7405700,2022-02-14
36949.0,36994.0,36228.0,36724.0,3153900,2022-02-15
36904.0,37039.0,36363.0,36408.0,2879600,2022-02-16
36408.0,37084.0,36318.0,37084.0,3081100,2022-02-17
36499.0,37129.0,36499.0,36769.0,3759900,2022-02-18
36499.0,36859.0,36138.0,36859.0,3924200,2022-02-21
36544.0,37400.0,36408.0,37400.0,8309400,2022-02-22
37400.0,38932.0,37355.0,38391.0,16076300,2022-02-23
37850.0,38211.0,36318.0,37175.0,4957200,2022-02-24
37580.0,38526.0,37220.0,37805.0,10795200,2022-02-25
37670.0,38301.0,36949.0,38076.0,5548200,2022-02-28
38031.0,38932.0,37760.0,38571.0,11884800,2022-03-01
38256.0,39022.0,37039.0,37355.0,8271600,2022-03-02
37490.0,38076.0,37039.0,37400.0,4590700,2022-03-03
37039.0,37625.0,36499.0,36724.0,5107000,2022-03-04
36408.0,36454.0,34696.0,35147.0,10005000,2022-03-07
34967.0,36048.0,34561.0,34967.0,5092700,2022-03-08
35012.0,35462.0,34967.0,34967.0,2653800,2022-03-09
35868.0,35868.0,35102.0,35147.0,2043100,2022-03-10
34876.0,35597.0,34741.0,34831.0,2509400,2022-03-11
34696.0,35597.0,34696.0,35327.0,2160600,2022-03-14
35327.0,36318.0,35237.0,35958.0,8713700,2022-03-15
36003.0,36408.0,35733.0,35823.0,2937800,2022-03-16
36093.0,36408.0,35688.0,35688.0,3131300,2022-03-17
35958.0,36048.0,35552.0,35597.0,1622300,2022-03-18
35642.0,36318.0,35642.0,35958.0,3849800,2022-03-21
35958.0,36859.0,35913.0,36499.0,6367200,2022-03-22
36499.0,36994.0,36048.0,36093.0,4207000,2022-03-23
36093.0,36273.0,35868.0,36138.0,2951000,2022-03-24
36589.0,36589.0,35958.0,35958.0,2187700,2022-03-25
35913.0,36228.0,35012.0,35552.0,2993800,2022-03-28
35552.0,36499.0,35552.0,36318.0,4909800,2022-03-29
36318.0,36904.0,35868.0,36048.0,5350100,2022-03-30
36318.0,36769.0,36138.0,36183.0,2433800,2022-03-31
36183.0,37445.0,36048.0,37175.0,11121000,2022-04-01
37580.0,37670.0,37039.0,37175.0,6600400,2022-04-04
36949.0,37445.0,36679.0,36769.0,4682200,2022-04-05
36679.0,37310.0,36228.0,37084.0,6695600,2022-04-06
37265.0,37580.0,36679.0,36949.0,8696600,2022-04-07
36859.0,37129.0,36228.0,36228.0,3486300,2022-04-08
36318.0,36454.0,34291.0,34291.0,3022200,2022-04-12
34831.0,36228.0,34291.0,36048.0,5941400,2022-04-13
36048.0,36048.0,35147.0,35192.0,2541800,2022-04-14
35237.0,35417.0,33660.0,33660.0,5117800,2022-04-15
34065.0,34516.0,33344.0,34155.0,3139300,2022-04-18
34155.0,34336.0,32623.0,32623.0,1927100,2022-04-19
33164.0,33435.0,31993.0,31993.0,3759500,2022-04-20
32083.0,32714.0,30731.0,31362.0,3722600,2022-04-21
31587.0,32443.0,31362.0,31722.0,2544600,2022-04-22
31812.0,32173.0,29514.0,31091.0,3408500,2022-04-25
30641.0,31587.0,29199.0,31497.0,3801700,2022-04-26
31497.0,31542.0,30145.0,31362.0,2244300,2022-04-27
31452.0,31452.0,30280.0,30280.0,1822600,2022-04-28
30280.0,31046.0,29920.0,30280.0,3022600,2022-04-29
30280.0,30370.0,28838.0,28838.0,1643600,2022-05-04
29289.0,30821.0,29289.0,30821.0,7805500,2022-05-05
30280.0,31046.0,29965.0,30280.0,2046700,2022-05-06
29559.0,30506.0,28298.0,28478.0,2197900,2022-05-09
27937.0,30280.0,27487.0,30010.0,5931000,2022-05-10
30010.0,30145.0,28658.0,30145.0,3606600,2022-05-11
29740.0,30010.0,28072.0,28478.0,2322400,2022-05-12
28838.0,28838.0,26495.0,27036.0,3558200,2022-05-13
27937.0,28478.0,27216.0,27937.0,2422200,2022-05-16
27937.0,29785.0,27487.0,29740.0,3919900,2022-05-17
29830.0,30731.0,29019.0,29019.0,3950000,2022-05-18
28343.0,28974.0,27712.0,28072.0,1963400,2022-05-19
28748.0,29019.0,28117.0,28298.0,2095800,2022-05-20
28748.0,28929.0,26946.0,27036.0,2555000,2022-05-23
27216.0,27892.0,27216.0,27847.0,1674200,2022-05-24
27892.0,28838.0,27847.0,28748.0,4540800,2022-05-25
28748.0,28793.0,28343.0,28478.0,1314300,2022-05-26
28478.0,29559.0,28388.0,29109.0,4877200,2022-05-27
29199.0,29830.0,28974.0,29740.0,5396700,2022-05-30
29740.0,29785.0,29154.0,29154.0,2721700,2022-05-31
28974.0,29469.0,28388.0,28838.0,1734700,2022-06-01
28838.0,28838.0,28117.0,28838.0,3017400,2022-06-02
28613.0,28838.0,28117.0,28703.0,1206700,2022-06-03
28658.0,28703.0,27306.0,27667.0,2785800,2022-06-06
27667.0,27667.0,26585.0,26676.0,2127800,2022-06-07
26766.0,27937.0,26766.0,27261.0,3549200,2022-06-08
27261.0,27351.0,27036.0,27081.0,1929100,2022-06-09
26946.0,27577.0,26766.0,26766.0,1371900,2022-06-10
26315.0,26315.0,24918.0,24918.0,3791000,2022-06-13
24783.0,24783.0,23431.0,23882.0,4019300,2022-06-14
23882.0,24062.0,22350.0,23927.0,3493100,2022-06-15
24062.0,24513.0,23657.0,24152.0,2916700,2022-06-16
23431.0,23792.0,22530.0,22981.0,3209900,2022-06-17
22936.0,23566.0,22575.0,22575.0,3691400,2022-06-20
22485.0,23611.0,22485.0,23116.0,3071400,2022-06-21
23116.0,23882.0,23116.0,23611.0,1667200,2022-06-22
23611.0,23882.0,23161.0,23882.0,1838200,2022-06-23
23882.0,24017.0,23431.0,23431.0,906300,2022-06-24
23431.0,24468.0,23431.0,24062.0,1953200,2022-06-27
24693.0,25234.0,24287.0,24873.0,2059500,2022-06-28
24423.0,25504.0,24423.0,24693.0,1929300,2022-06-29
24513.0,25234.0,24468.0,24468.0,1757700,2022-06-30
24468.0,24873.0,23792.0,24603.0,898800,2022-07-01
24603.0,25053.0,24513.0,24603.0,575300,2022-07-04
24783.0,25189.0,24377.0,24783.0,2314300,2022-07-05
24603.0,25053.0,23792.0,24287.0,1497300,2022-07-06
24062.0,24918.0,24062.0,24738.0,1466500,2022-07-07
24783.0,25098.0,24332.0,24423.0,1153300,2022-07-08
24332.0,24423.0,23431.0,23431.0,1301000,2022-07-11
23476.0,24107.0,23476.0,24062.0,629500,2022-07-12
24062.0,24783.0,23476.0,24017.0,1522200,2022-07-13
23927.0,24377.0,23882.0,24242.0,678000,2022-07-14
24332.0,24783.0,24332.0,24423.0,1418200,2022-07-15
24648.0,24783.0,24468.0,24558.0,1343100,2022-07-18
24603.0,24603.0,24107.0,24468.0,807800,2022-07-19
24783.0,25684.0,24513.0,25639.0,3076300,2022-07-20
25729.0,25819.0,25279.0,25504.0,2614000,2022-07-21
25504.0,25819.0,25189.0,25279.0,2447800,2022-07-22
24828.0,25143.0,24603.0,24693.0,1365400,2022-07-25
24783.0,24873.0,24332.0,24332.0,1261300,2022-07-26
24332.0,24423.0,23882.0,24287.0,1623200,2022-07-27
24377.0,25053.0,24377.0,24513.0,2373300,2022-07-28
24873.0,24873.0,23972.0,23972.0,3021600,2022-07-29
24423.0,24738.0,24377.0,24558.0,1942000,2022-08-01
24603.0,25053.0,24603.0,24918.0,2302300,2022-08-02
24783.0,25324.0,24603.0,25234.0,2573400,2022-08-03
25684.0,26315.0,25459.0,25955.0,5311300,2022-08-04
26045.0,26315.0,25684.0,25955.0,1921300,2022-08-05
25910.0,26270.0,25549.0,25729.0,2285100,2022-08-08
26090.0,26090.0,25594.0,25774.0,2334000,2022-08-09
25864.0,25864.0,25459.0,25504.0,1904100,2022-08-10
25819.0,26225.0,25459.0,25684.0,2561900,2022-08-11
25819.0,25819.0,25549.0,25774.0,1013100,2022-08-12
26090.0,26405.0,25864.0,26090.0,3271800,2022-08-15
26135.0,26180.0,25910.0,26000.0,1398100,2022-08-16
26000.0,26090.0,25864.0,25864.0,1323000,2022-08-17
25864.0,25955.0,25504.0,25864.0,2094800,2022-08-18
25955.0,25955.0,25504.0,25594.0,1464800,2022-08-19
25459.0,25504.0,25008.0,25143.0,1455600,2022-08-22
24783.0,25234.0,24783.0,25234.0,1225800,2022-08-23
25234.0,25459.0,25189.0,25324.0,1183300,2022-08-24
25639.0,26045.0,25369.0,25955.0,1687100,2022-08-25
26000.0,26045.0,25549.0,25594.0,1359300,2022-08-26
25234.0,25324.0,24423.0,24963.0,2031300,2022-08-29
25234.0,25414.0,24963.0,25143.0,821500,2022-08-30
25143.0,25369.0,24828.0,25234.0,585300,2022-08-31
25684.0,25684.0,25008.0,25234.0,1827200,2022-09-05
25369.0,25369.0,24918.0,25234.0,1348000,2022-09-06
25053.0,25143.0,24603.0,24603.0,1754000,2022-09-07
24648.0,24693.0,24242.0,24242.0,1410600,2022-09-08
24603.0,24603.0,23972.0,24332.0,935700,2022-09-09
24332.0,24423.0,24152.0,24287.0,828599,2022-09-12
24423.0,24423.0,24107.0,24197.0,769200,2022-09-13
23882.0,24152.0,23657.0,23927.0,953000,2022-09-14
24017.0,24648.0,23882.0,23927.0,797400,2022-09-15
23882.0,24197.0,23702.0,23702.0,865600,2022-09-16
23702.0,23702.0,22260.0,22530.0,1438500,2022-09-19
22890.0,22890.0,22440.0,22890.0,890600,2022-09-20
22530.0,22890.0,22530.0,22755.0,675800,2022-09-21
22530.0,22845.0,22350.0,22845.0,604500,2022-09-22
22845.0,22890.0,22530.0,22575.0,1059500,2022-09-23
22260.0,22440.0,21358.0,22440.0,1898800,2022-09-26
22350.0,22440.0,21629.0,22440.0,1141500,2022-09-27
21854.0,22305.0,21178.0,22215.0,1534557,2022-09-28
22260.0,22530.0,21809.0,22260.0,983968,2022-09-29
22079.0,22620.0,21584.0,22530.0,2075563,2022-09-30
22620.0,22620.0,21088.0,21494.0,1604080,2022-10-03
21539.0,21989.0,21404.0,21449.0,959173,2022-10-04
21629.0,21764.0,21404.0,21629.0,1213932,2022-10-05
21539.0,21809.0,20728.0,21629.0,3201701,2022-10-06
20773.0,20863.0,20142.0,20142.0,2060296,2022-10-07
18745.0,19556.0,18745.0,18745.0,2389500,2022-10-10
17438.0,18024.0,17438.0,17438.0,8999630,2022-10-11
16492.0,18475.0,16492.0,18475.0,4643791,2022-10-12
18475.0,18565.0,17754.0,18565.0,3781791,2022-10-13
18880.0,18970.0,18294.0,18565.0,2178844,2022-10-14
18114.0,18565.0,17483.0,18565.0,4157867,2022-10-17
18655.0,18880.0,18384.0,18565.0,2525246,2022-10-18
18655.0,18655.0,18069.0,18520.0,1715823,2022-10-19
18294.0,18610.0,18024.0,18565.0,1713554,2022-10-20
18565.0,18745.0,17438.0,18114.0,2779325,2022-10-21
18114.0,18159.0,16852.0,18159.0,3262389,2022-10-24
17754.0,18610.0,17393.0,18159.0,3235196,2022-10-25
18204.0,18430.0,17844.0,18024.0,1129662,2022-10-26
17979.0,18925.0,17889.0,18925.0,4337901,2022-10-27
19105.0,19376.0,18610.0,18790.0,2785626,2022-10-28
18925.0,18925.0,18294.0,18655.0,2828416,2022-10-31
18925.0,19917.0,18835.0,19646.0,5885447,2022-11-01
19646.0,20277.0,19421.0,19421.0,4003267,2022-11-02
19241.0,19917.0,18790.0,19151.0,3799603,2022-11-03
18925.0,19196.0,17844.0,19196.0,7373867,2022-11-04
19331.0,19331.0,18024.0,18114.0,2522145,2022-11-07
17754.0,18655.0,17573.0,18475.0,4239349,2022-11-08
18655.0,18925.0,18114.0,18204.0,2800095,2022-11-09
18069.0,18114.0,17123.0,17934.0,2993920,2022-11-10
18475.0,18475.0,17303.0,17934.0,3738739,2022-11-11
17573.0,17799.0,17168.0,17754.0,3213445,2022-11-14
17483.0,17934.0,16537.0,17934.0,5347443,2022-11-15
16898.0,18925.0,16762.0,18790.0,5538959,2022-11-16
19196.0,19376.0,18430.0,18790.0,5230443,2022-11-17
18565.0,18835.0,18159.0,18565.0,2041765,2022-11-18
18655.0,18655.0,18024.0,18565.0,3200388,2022-11-21
18475.0,19105.0,18159.0,18610.0,5490108,2022-11-22
18339.0,18745.0,17934.0,18024.0,2889847,2022-11-23
18114.0,18249.0,17303.0,18024.0,4812983,2022-11-24
18204.0,18339.0,17799.0,18294.0,3035692,2022-11-25
18475.0,19196.0,18069.0,18925.0,12704595,2022-11-28
19196.0,19466.0,18655.0,19376.0,9287703,2022-11-29
19556.0,20277.0,18790.0,19826.0,12994213,2022-11-30
20142.0,20502.0,19466.0,19646.0,15160792,2022-12-01
19376.0,20547.0,19105.0,20547.0,8250994,2022-12-02
20908.0,21629.0,20683.0,20863.0,16151858,2022-12-05
20728.0,20863.0,19466.0,19466.0,11607702,2022-12-06
19376.0,19646.0,18700.0,18880.0,8894207,2022-12-07
19241.0,20187.0,18745.0,19826.0,20800040,2022-12-08
20007.0,20728.0,19646.0,20277.0,13275657,2022-12-09
20502.0,20908.0,20097.0,20637.0,14482587,2022-12-12
20367.0,20728.0,20277.0,20728.0,9695859,2022-12-13
21088.0,21088.0,20367.0,20547.0,5662958,2022-12-14
20412.0,21268.0,20277.0,20728.0,13101154,2022-12-15
20502.0,21223.0,20277.0,20728.0,4769891,2022-12-16
20683.0,20998.0,20277.0,20277.0,7145498,2022-12-19
20232.0,20232.0,19151.0,19826.0,9975295,2022-12-20
20052.0,20187.0,19331.0,19466.0,3514365,2022-12-21
19736.0,20277.0,19466.0,20142.0,6223963,2022-12-22
20187.0,20187.0,19691.0,19826.0,2280883,2022-12-23
19691.0,19917.0,18565.0,18925.0,3118194,2022-12-26
18520.0,19196.0,18520.0,18970.0,2796949,2022-12-27
18970.0,19331.0,18610.0,19286.0,2828431,2022-12-28
19376.0,19421.0,19105.0,19286.0,3162508,2022-12-29
19421.0,19421.0,18970.0,18970.0,3246447,2022-12-30
18970.0,19736.0,18970.0,19736.0,2333350,2023-01-03
19962.0,20142.0,19511.0,19826.0,4383781,2023-01-04
19826.0,20547.0,19691.0,20322.0,7504260,2023-01-05
20322.0,20818.0,20097.0,20277.0,5806560,2023-01-06
20322.0,20683.0,20097.0,20277.0,4156802,2023-01-09
20547.0,20547.0,20097.0,20277.0,2905092,2023-01-10
20187.0,20592.0,20142.0,20232.0,5230431,2023-01-11
20367.0,20367.0,20052.0,20187.0,2067274,2023-01-12
20277.0,20322.0,20007.0,20187.0,4921044,2023-01-13
20187.0,20277.0,19826.0,19826.0,2963120,2023-01-16
20007.0,20728.0,19917.0,20728.0,13157017,2023-01-17
20773.0,21449.0,20773.0,21268.0,10093531,2023-01-18
21088.0,21764.0,20953.0,21629.0,13449205,2023-01-19
21899.0,22350.0,21629.0,22079.0,12822815,2023-01-27
22079.0,22079.0,21449.0,21539.0,8373452,2023-01-30
21584.0,22530.0,21133.0,22530.0,16662021,2023-01-31
22530.0,22890.0,20998.0,21358.0,14497938,2023-02-01
21449.0,21719.0,21178.0,21539.0,8034481,2023-02-02
21629.0,21629.0,21223.0,21629.0,5938923,2023-02-03
21449.0,21809.0,21404.0,21719.0,4564035,2023-02-06
21809.0,22485.0,21674.0,21989.0,17626114,2023-02-07
22440.0,22440.0,21989.0,22170.0,6008968,2023-02-08
22079.0,22665.0,21854.0,21854.0,10388630,2023-02-09
21854.0,22079.0,21223.0,21223.0,4093777,2023-02-10
21223.0,21358.0,20502.0,20728.0,4327415,2023-02-13
21088.0,21268.0,20998.0,21178.0,2690267,2023-02-14
21223.0,21944.0,21133.0,21449.0,6781877,2023-02-15
21539.0,21629.0,21313.0,21629.0,3655695,2023-02-16
21719.0,21719.0,21358.0,21494.0,4452854,2023-02-17
21494.0,22170.0,21449.0,22170.0,8702102,2023-02-20
22260.0,22620.0,21899.0,22350.0,11405901,2023-02-21
22079.0,22170.0,21223.0,21223.0,4054871,2023-02-22
21358.0,21629.0,20998.0,21629.0,4540521,2023-02-23
21629.0,21809.0,21178.0,21178.0,2353336,2023-02-24
20998.0,21268.0,20773.0,20953.0,3120503,2023-02-27
21088.0,21268.0,20998.0,20998.0,2093625,2023-02-28
20953.0,21719.0,20818.0,21629.0,4259498,2023-03-01
21629.0,21809.0,21449.0,21449.0,2697318,2023-03-02
21449.0,21674.0,21088.0,21088.0,2869690,2023-03-03
21268.0,21584.0,21133.0,21133.0,2322691,2023-03-06
21358.0,21449.0,21088.0,21178.0,1779033,2023-03-07
21088.0,21629.0,20998.0,21584.0,5406304,2023-03-08
21629.0,22124.0,21539.0,22079.0,7713211,2023-03-09
21809.0,22034.0,21539.0,21629.0,2711834,2023-03-10
